"Id";"Designador";"Pacote";"Quantidade";"Designação";"Fornecedor e referência";
1;"R6,R5,R4,R3,R2";"R_0603_1608Metric";5;"47K";;;
2;"J19";"JST_XH_B3B-XH-A_1x03_P2.50mm_Vertical";1;"A_LIMIT";;;
3;"J2,J1";"PinSocket_2x30_P2.54mm_Vertical";2;"Conn_02x30_Odd_Even";;;
4;"J26";"JST_XH_B4B-XH-A_1x04_P2.50mm_Vertical";1;"USB";;;
5;"J25";"JST_XH_B4B-XH-A_1x04_P2.50mm_Vertical";1;"TXRX";;;
6;"J24";"JST_XH_B4B-XH-A_1x04_P2.50mm_Vertical";1;"I2C";;;
7;"U4,U6,U5,U3,U2";"TSSOP-20_4.4x6.5mm_P0.65mm";5;"TXS0108EPW";;;
8;"C5";"CP_Elec_6.3x5.8";1;"100uF";;;
9;"C14,C11,C10,C9,C8,C7,C4,C3,C2,C1";"C_0603_1608Metric";10;"0.1";;;
10;"J20";"JST_XH_B3B-XH-A_1x03_P2.50mm_Vertical";1;"B_LIMIT";;;
11;"J6";"JST_XH_B4B-XH-A_1x04_P2.50mm_Vertical";1;"A";;;
12;"J17";"JST_XH_B3B-XH-A_1x03_P2.50mm_Vertical";1;"X_LIMIT";;;
13;"J3";"JST_XH_B4B-XH-A_1x04_P2.50mm_Vertical";1;"X";;;
14;"J9";"PinHeader_1x03_P2.54mm_Vertical";1;"POWERSELECT";;;
15;"J0";"JST_XH_B2B-XH-A_1x02_P2.50mm_Vertical";1;"-VIN+";;;
16;"U1";"TO-252-2";1;"LM7805_TO220";;;
17;"J101";"PinHeader_1x03_P2.54mm_Vertical";1;"POWERLIMIT";;;
18;"J100";"JST_XH_B4B-XH-A_1x04_P2.50mm_Vertical";1;"SPINDLE";;;
19;"J23";"JST_XH_B3B-XH-A_1x03_P2.50mm_Vertical";1;"Z_LIMIT";;;
20;"J22";"JST_XH_B3B-XH-A_1x03_P2.50mm_Vertical";1;"BUZZER";;;
21;"J21";"JST_XH_B3B-XH-A_1x03_P2.50mm_Vertical";1;"C_LIMIT";;;
22;"J18";"JST_XH_B3B-XH-A_1x03_P2.50mm_Vertical";1;"Y_LIMIT";;;
23;"J16";"JST_XH_B2B-XH-A_1x02_P2.50mm_Vertical";1;"FLOOD";;;
24;"J15";"JST_XH_B2B-XH-A_1x02_P2.50mm_Vertical";1;"RESET";;;
25;"J14";"JST_XH_B2B-XH-A_1x02_P2.50mm_Vertical";1;"FEED";;;
26;"J13";"JST_XH_B2B-XH-A_1x02_P2.50mm_Vertical";1;"SAFETY";;;
27;"J12";"JST_XH_B2B-XH-A_1x02_P2.50mm_Vertical";1;"MIST";;;
28;"J11";"JST_XH_B2B-XH-A_1x02_P2.50mm_Vertical";1;"CYCLE";;;
29;"J10";"JST_XH_B2B-XH-A_1x02_P2.50mm_Vertical";1;"PROBE";;;
30;"J8";"JST_XH_B4B-XH-A_1x04_P2.50mm_Vertical";1;"C";;;
31;"J7";"JST_XH_B4B-XH-A_1x04_P2.50mm_Vertical";1;"B";;;
32;"J5";"JST_XH_B4B-XH-A_1x04_P2.50mm_Vertical";1;"Z";;;
33;"J4";"JST_XH_B4B-XH-A_1x04_P2.50mm_Vertical";1;"Y";;;
34;"D2,D1";"D_SOD-123";2;"MBR130LSFT1G";;;
35;"C13,C12";"C_0603_1608Metric_Pad1.05x0.95mm_HandSolder";2;"100n";;;
36;"C6";"CP_Elec_4x5.4";1;"10uF";;;
